dataset,effective_dimension,nesum,self_cluster,sam_cluster,logme,linear_probing,sam_lp
Camelyon16,0.1030,0.3576,0.3697,0.3939,-0.1903,0.3091,0.3212
BRACS,-0.3939,0.0909,0.1273,0.3212,-0.2024,0.2364,0.3697
UBC-OCEAN,0.2242,0.6485,0.6121,0.6727,0.1806,0.8303,0.8303
TCGA-GLIOMA,0.3818,0.3455,0.1879,0.3697,0.5103,0.4545,0.4424
TCGA-NSCLC,-0.1636,0.4061,0.3212,0.4909,0.1976,0.6364,0.9515
TCGA-RCC,0.0303,0.5273,0.6485,0.7212,0.4836,0.6364,0.7939
Histai-skin-b1,0.3697,0.5879,0.6606,0.7091,0.1515,0.6727,0.7091
PANDA,0.5030,0.5879,0.5636,0.6000,0.7430,0.6121,0.5879
Average,0.1318,0.4439,0.4364,0.5348,0.2342,0.5485,0.6258
